ink,name
//www.aliexpress.com/item/1005005823501837.html?algo_pvid=0e9e6c00-dc83-4a44-915b-bdb8c67ebe75&algo_exp_id=0e9e6c00-dc83-4a44-915b-bdb8c67ebe75-0&pdp_npi=4%40dis%21NGN%2126430.67%212434.19%21%21%2132.90%21%21%402103080b17012004871251742ec651%2112000034479193751%21sea%21NG%210%21AB&curPageLogUid=JYt7nOyBWntg,SENBONO Smart Watch Men Women LED Flashlight 100+ Sport Modes Fitness Tracker Body Temperature 2.01‚Äù Screen Smartwatch Men Women
//www.aliexpress.com/item/1005006220938113.html?algo_pvid=0e9e6c00-dc83-4a44-915b-bdb8c67ebe75&algo_exp_id=0e9e6c00-dc83-4a44-915b-bdb8c67ebe75-1&pdp_npi=4%40dis%21NGN%2114955.62%21393.65%21%21%21132.50%21%21%402103080b17012004871251742ec651%2112000036339133170%21sea%21NG%210%21AB&curPageLogUid=EZ4ojoIDVrw1,Smart Watch I8 Pro Max Answer Call Sport Fitness Tracker Custom Dial Smartwatch Men Women Gift For Apple Phone PK IWO 27 X8 T500
//www.aliexpress.com/item/1005005790171789.html?algo_pvid=0e9e6c00-dc83-4a44-915b-bdb8c67ebe75&algo_exp_id=0e9e6c00-dc83-4a44-915b-bdb8c67ebe75-2&pdp_npi=4%40dis%21NGN%2120076.65%213410.92%21%21%21177.87%21%21%402103080b17012004871251742ec651%2112000034363885867%21sea%21NG%210%21AB&curPageLogUid=MWWeWZtUdaC6,Fashion Men's Watches Fashion Trend Quartz Wristwatch Original Waterproof Stainless Steel Watch for Man Date Week 2023 Top Sale
//www.aliexpress.com/item/1005005058330459.html?algo_pvid=0e9e6c00-dc83-4a44-915b-bdb8c67ebe75&algo_exp_id=0e9e6c00-dc83-4a44-915b-bdb8c67ebe75-3&pdp_npi=4%40dis%21NGN%2122638.79%21763.19%21%21%2128.18%21%21%402103080b17012004871251742ec651%2112000031481842112%21sea%21NG%210%21AB&curPageLogUid=YsN6B0TvVCAu,LIGE 2023 Smart Watch For Men Women Gift Full Touch Screen Sports Fitness Watches Bluetooth Calls Digital Smartwatch Wristwatch
//www.aliexpress.com/item/1005006203884712.html?algo_pvid=0e9e6c00-dc83-4a44-915b-bdb8c67ebe75&aem_p4p_detail=202311281141271175646654006000001851721&algo_exp_id=0e9e6c00-dc83-4a44-915b-bdb8c67ebe75-4&pdp_npi=4%40dis%21NGN%2131604.33%2115802.17%21%21%21280.00%21%21%402103080b17012004871251742ec651%2112000036257000529%21sea%21NG%210%21AB&curPageLogUid=VMqj9TCw0DsI&search_p4p_id=202311281141271175646654006000001851721_1,"NEW 2023 Smart Watch 9 Pro Real Fixed Screw 49mm 2.19"" Amoled Screen with ECG Game Wireless Charge 450Mah Men Women For Sport"
//www.aliexpress.com/item/1005005071830619.html?algo_pvid=0e9e6c00-dc83-4a44-915b-bdb8c67ebe75&algo_exp_id=0e9e6c00-dc83-4a44-915b-bdb8c67ebe75-5&pdp_npi=4%40dis%21NGN%215912.76%21393.65%21%21%217.36%21%21%402103080b17012004871251742ec651%2112000031525409237%21sea%21NG%210%21AB&curPageLogUid=LKiSLiXkP6fU,Fashion Men Black Stainless Steel Watch Luxury Calendar Quartz Wrist Watch Mens Business Watches for Man Clock Relogio Masculino
//www.aliexpress.com/item/1005006145389234.html?algo_pvid=0e9e6c00-dc83-4a44-915b-bdb8c67ebe75&algo_exp_id=0e9e6c00-dc83-4a44-915b-bdb8c67ebe75-6&pdp_npi=4%40dis%21NGN%2115088.81%21393.65%21%21%21133.68%21%21%402103080b17012004871251742ec651%2112000035963852937%21sea%21NG%210%21AB&curPageLogUid=hB2cY75I6Cu4,2023 New Smart Watch T900 Pro Max Series8 Smartwatch 1.8inch Bluetooth Call Heart Rate Women Men Series 8 Smartwatch PK X8 Max
//www.aliexpress.com/item/1005005804746693.html?algo_pvid=0e9e6c00-dc83-4a44-915b-bdb8c67ebe75&algo_exp_id=0e9e6c00-dc83-4a44-915b-bdb8c67ebe75-7&pdp_npi=4%40dis%21NGN%2126093.26%212064.65%21%21%2132.48%21%21%402103080b17012004871251742ec651%2112000034412153548%21sea%21NG%210%21AB&curPageLogUid=13wsvCgMeCNo,COLMI P71 Voice Calling Smartwatch Men Health Monitoring IP68 Waterproof Smart Notifications Voice Assistant Smart Watch Women
//www.aliexpress.com/item/1005006187321371.html?algo_pvid=0e9e6c00-dc83-4a44-915b-bdb8c67ebe75&algo_exp_id=0e9e6c00-dc83-4a44-915b-bdb8c67ebe75-8&pdp_npi=4%40dis%21NGN%216447.28%21393.65%21%21%2157.12%21%21%402103080b17012004871251742ec651%2112000036187197954%21sea%21NG%210%21AB&curPageLogUid=UvLIRj4NeOzT,Y68 Smart Watch Color Screen Step Counting Multi Sport Mode Message Reminder Photography Music Remote Control Smart Band
//www.aliexpress.com/item/1005005425576069.html?algo_pvid=0e9e6c00-dc83-4a44-915b-bdb8c67ebe75&aem_p4p_detail=202311281141271175646654006000001851721&algo_exp_id=0e9e6c00-dc83-4a44-915b-bdb8c67ebe75-9&pdp_npi=4%40dis%21NGN%2129001.49%217025.1%21%21%21256.94%21%21%402103080b17012004871251742ec651%2112000033018374404%21sea%21NG%210%21AB&curPageLogUid=4BdWNlXbwFi1&search_p4p_id=202311281141271175646654006000001851721_2,OLEVS Men's Watches Rhombus Mirror Original Quartz Watch for Man Waterproof Luminous Stainless Steel Wristwatch Male Date Week
